Item,Price,Rating,URL
Twin Peaks shirt size large Loot Fright Loot Crate Exclusive,$13.27,6,https://www.ebay.com/sch/i.html?_from=R40&_trksid=p2380057.m570.l1313&_nkw=shirt&_sacat=1
Harley Davidson Motorcycles Long Sleeve tee t-shirt Size L,$13.27 to $26.99,6,https://www.ebay.com/sch/i.html?_from=R40&_trksid=p2380057.m570.l1313&_nkw=shirt&_sacat=1
Minnie Mouse t shirt S/S Disney Minnie Mouse Forever Ladies size Small- NEW,$0.99,6,https://www.ebay.com/sch/i.html?_from=R40&_trksid=p2380057.m570.l1313&_nkw=shirt&_sacat=1
harley davidson t shirt 2X,$0.99,6,https://www.ebay.com/sch/i.html?_from=R40&_trksid=p2380057.m570.l1313&_nkw=shirt&_sacat=1
"dark grey uniform shirt, West Point cadet, long sleeve, men's",$17.76,6,https://www.ebay.com/sch/i.html?_from=R40&_trksid=p2380057.m570.l1313&_nkw=shirt&_sacat=1
Warriors Gold Blooded T-Shirt 2022 Playoffs T-shirt,$6.99 to $9.99,6,https://www.ebay.com/sch/i.html?_from=R40&_trksid=p2380057.m570.l1313&_nkw=shirt&_sacat=49
NEW Gildan Men's Softystyle Ringspun Cotton Short Sleeves Plain T-shirt 64000,$19.69,6,https://www.ebay.com/sch/i.html?_from=R40&_trksid=p2380057.m570.l1313&_nkw=shirt&_sacat=49
NWOT White Preshrunk The South Butt Unisex Short Sleeve T-shirt with Black Logo,$11.95 to $21.95,6,https://www.ebay.com/sch/i.html?_from=R40&_trksid=p2380057.m570.l1313&_nkw=shirt&_sacat=49
Custom Personalized T-shirts-Your Own Text Here Different Colors Available,$19.69,6,https://www.ebay.com/sch/i.html?_from=R40&_trksid=p2380057.m570.l1313&_nkw=shirt&_sacat=2
t-shirt motorcycle cbr wing crf 1000 600 compatible With Honda t shirt tee,$19.99,6,https://www.ebay.com/sch/i.html?_from=R40&_trksid=p2380057.m570.l1313&_nkw=shirt&_sacat=49
Watain Men's  Black Metal Militia T-shirt Black,$16.99 to $21.00,6,https://www.ebay.com/sch/i.html?_from=R40&_trksid=p2380057.m570.l1313&_nkw=shirt&_sacat=49
Sasha Grey Love Porn Actress Sex Adult Movies Unisex T-shirt S-5XL,$20.99 to $28.99,6,https://www.ebay.com/sch/i.html?_from=R40&_trksid=p2380057.m570.l1313&_nkw=shirt&_sacat=49
Big and Tall Size Men Plain Heavy Weight  S/S T-shirts Crew Neck 8OZ By basix,$15.99 to $19.99,6,https://www.ebay.com/sch/i.html?_from=R40&_trksid=p2380057.m570.l1313&_nkw=shirt&_sacat=49
The Beatles T-shirt,$5.99 to $15.99,6,https://www.ebay.com/sch/i.html?_from=R40&_trksid=p2380057.m570.l1313&_nkw=shirt&_sacat=49
Dirty Honey & Mammoth WVH Young Guns Tour 2022 Unisex T-shirt,$18.90 to $39.90,6,https://www.ebay.com/sch/i.html?_from=R40&_trksid=p2380057.m570.l1313&_nkw=shirt&_sacat=49
Moskva Sunk - Russia Warship Go Fck Your Self - Ukraine Postage Stamp T-shirt,$19.99 to $27.99,6,https://www.ebay.com/sch/i.html?_from=R40&_trksid=p2380057.m570.l1313&_nkw=shirt&_sacat=49
JAMBA JUICE Smoothie Store T-shirt,$15.95,6,https://www.ebay.com/sch/i.html?_from=R40&_trksid=p2380057.m570.l1313&_nkw=shirt&_sacat=49
Russian Warship Go F*** Yourself Ukraine Resistance T-shirt Ukraine Flag T shirt,$7.99 to $20.99,6,https://www.ebay.com/sch/i.html?_from=R40&_trksid=p2380057.m570.l1313&_nkw=shirt&_sacat=49
The Batman 2022 T shirt Black Red,$6.99 to $10.99,6,https://www.ebay.com/sch/i.html?_from=R40&_trksid=p2380057.m570.l1313&_nkw=shirt&_sacat=11
polo shirt,$18.48 to $21.98,6,https://www.ebay.com/sch/i.html?_from=R40&_trksid=p2380057.m570.l1313&_nkw=shirt&_sacat=49
dress shirt,$5.00,6,https://www.ebay.com/sch/i.html?_from=R40&_trksid=p2380057.m570.l1313&_nkw=shirt&_sacat=49
vintage shirt,$20.49,6,https://www.ebay.com/sch/i.html?_from=R40&_trksid=p2380057.m570.l1313&_nkw=shirt&_sacat=49
t shirt,$21.99,6,https://www.ebay.com/sch/i.html?_from=R40&_trksid=p2380057.m570.l1313&_nkw=shirt&_sacat=49
shirt long sleeve,$13.99 to $16.00,6,https://www.ebay.com/sch/i.html?_from=R40&_trksid=p2380057.m570.l1313&_nkw=shirt&_sacat=49
shirt xl,$14.99,6,https://www.ebay.com/sch/i.html?_from=R40&_trksid=p2380057.m570.l1313&_nkw=shirt&_sacat=49
shirt large,$20.95,6,https://www.ebay.com/sch/i.html?_from=R40&_trksid=p2380057.m570.l1313&_nkw=shirt&_sacat=49
casual shirt,$11.95 to $16.95,6,https://www.ebay.com/sch/i.html?_from=R40&_trksid=p2380057.m570.l1313&_nkw=shirt&_sacat=49
Allman Brothers Eat a Peach Eat a Peach T-shirt Print S-5XL Cotton ,$6.99 to $10.99,6,https://www.ebay.com/sch/i.html?_from=R40&_trksid=p2380057.m570.l1313&_nkw=shirt&_sacat=49
Dear Math I'm Not A Therapist T-shirt Funny Mathmatics Geek Nerd Tee Shirt Math,$19.95 to $23.95,6,https://www.ebay.com/sch/i.html?_from=R40&_trksid=p2380057.m570.l1313&_nkw=shirt&_sacat=49
New Mens Henley Shirt T-shirts shirts Long Sleeve Cotton Pullover Comfy Button,$12.99 to $34.99,6,https://www.ebay.com/sch/i.html?_from=R40&_trksid=p2380057.m570.l1313&_nkw=shirt&_sacat=4
New Mens 3/4 Sleeve Baseball shirts T-Shirts Raglan Jersey Active Sports TEE ,$7.99 to $20.99,6,https://www.ebay.com/sch/i.html?_from=R40&_trksid=p2380057.m570.l1313&_nkw=shirt&_sacat=47
Parking Attendant high visibility Tee T shirt,$6.99 to $10.99,6,https://www.ebay.com/sch/i.html?_from=R40&_trksid=p2380057.m570.l1313&_nkw=shirt&_sacat=9
"3, 6 PACK Men Tank Top T-Shirts Cotton A-Shirt Wife Beater Ribbed GYM Undershirt",$19.99,6,https://www.ebay.com/sch/i.html?_from=R40&_trksid=p2380057.m570.l1313&_nkw=shirt&_sacat=20
"Unisex White T-shirt, Short Sleeves, USA, Patriotic Eagle Flag, Size L",$19.99 to $27.99,6,https://www.ebay.com/sch/i.html?_from=R40&_trksid=p2380057.m570.l1313&_nkw=shirt&_sacat=10
"unisex shirt Match Jordan 3 'Cardinal Red', New Paid In Full tee",$18.90 to $39.90,6,https://www.ebay.com/sch/i.html?_from=R40&_trksid=p2380057.m570.l1313&_nkw=shirt&_sacat=11
Vintage Long sleeve shirt  San Francisco large,$27.00,6,https://www.ebay.com/sch/i.html?_from=R40&_trksid=p2380057.m570.l1313&_nkw=shirt&_sacat=12
Red Bull Racing PUMA All-over Print T-shirt. Blue and Black 2XL,$45.00,6,https://www.ebay.com/sch/i.html?_from=R40&_trksid=p2380057.m570.l1313&_nkw=shirt&_sacat=12
Mens rush 2007 2008 snakes and arrows tour double sided shirt size XL,$26.03,6,https://www.ebay.com/sch/i.html?_from=R40&_trksid=p2380057.m570.l1313&_nkw=shirt&_sacat=12
Blue Collar Men's T-shirt,$129.00,6,https://www.ebay.com/sch/i.html?_from=R40&_trksid=p2380057.m570.l1313&_nkw=shirt&_sacat=12
Van Heussen America shirt patriotic grey men’s XL,$21.99,6,https://www.ebay.com/sch/i.html?_from=R40&_trksid=p2380057.m570.l1313&_nkw=shirt&_sacat=12
Vintage Apollo 11 t-shirt 30th anniversary t-shirt medium,$18.00,6,https://www.ebay.com/sch/i.html?_from=R40&_trksid=p2380057.m570.l1313&_nkw=shirt&_sacat=12
"Vintage Rare lego shirt only one on ebay ""NEW"" official lego, Not On Website",$21.99,6,https://www.ebay.com/sch/i.html?_from=R40&_trksid=p2380057.m570.l1313&_nkw=shirt&_sacat=12
Vintage Hawaiian silk print mens shirt size L,$25.00,6,https://www.ebay.com/sch/i.html?_from=R40&_trksid=p2380057.m570.l1313&_nkw=shirt&_sacat=12
NWT Red Bull Racing PUMA All-over Color Print Mix T-shirt. Authentic. 2XL,$25.00,6,https://www.ebay.com/sch/i.html?_from=R40&_trksid=p2380057.m570.l1313&_nkw=shirt&_sacat=12
Zion Bob Marley Dread Leaves White T-shirt Men's Size Med,$5.99,6,https://www.ebay.com/sch/i.html?_from=R40&_trksid=p2380057.m570.l1313&_nkw=shirt&_sacat=12
Men's Patagonia Plaid LARGE Blue Button Front Pocket collared Short sleeve shirt,$25.00,6,https://www.ebay.com/sch/i.html?_from=R40&_trksid=p2380057.m570.l1313&_nkw=shirt&_sacat=12
NikeYouth Girls short sleeve maroon Large shirt,$15.00,6,https://www.ebay.com/sch/i.html?_from=R40&_trksid=p2380057.m570.l1313&_nkw=shirt&_sacat=12
"Freeze Elephant T-shirt, 3/4 sleeve SIZE M Hierarchy Henley",$10.00,6,https://www.ebay.com/sch/i.html?_from=R40&_trksid=p2380057.m570.l1313&_nkw=shirt&_sacat=12
ZELOS Men's Long Sleeve T-shirt Medium Athletic Tee Orange Activewear,$134.00,6,https://www.ebay.com/sch/i.html?_from=R40&_trksid=p2380057.m570.l1313&_nkw=shirt&_sacat=12
Clay Art Three Compartment Serving Tray Bowl w/ Handle & Trinket shirt box,$16.99,6,https://www.ebay.com/sch/i.html?_from=R40&_trksid=p2380057.m570.l1313&_nkw=shirt&_sacat=27
ceramic art vase signed 2Kat 13200  heavy unique stuffed shirt design,$298.00,6,https://www.ebay.com/sch/i.html?_from=R40&_trksid=p2380057.m570.l1313&_nkw=shirt&_sacat=27
"Rubens Japan Lady Head Vase #4123 White Scarf Black shirt Pearl Ear Rings 7"" ",$19.95,6,https://www.ebay.com/sch/i.html?_from=R40&_trksid=p2380057.m570.l1313&_nkw=shirt&_sacat=27
Royal Copley Vintage Smiley Pig in striped shirt piggy bank,$15.95,6,https://www.ebay.com/sch/i.html?_from=R40&_trksid=p2380057.m570.l1313&_nkw=shirt&_sacat=15
vintage RB #974 baby child and hand vase planter japan blonde hair pink shirt,$15.95,6,https://www.ebay.com/sch/i.html?_from=R40&_trksid=p2380057.m570.l1313&_nkw=shirt&_sacat=15
Vintage Marano glass shirt button.,$19.95,6,https://www.ebay.com/sch/i.html?_from=R40&_trksid=p2380057.m570.l1313&_nkw=shirt&_sacat=22
Stormelodeon Valley Vista Tshirt Hunter Grey Large,$19.00,6,https://www.ebay.com/sch/i.html?_from=R40&_trksid=p2380057.m570.l1313&_nkw=shirt&_sacat=22
Occupied Japan standing ballerina figurine yellow shirt fabric ruffles gold trim,$28.99,6,https://www.ebay.com/sch/i.html?_from=R40&_trksid=p2380057.m570.l1313&_nkw=shirt&_sacat=26
2 Vintage Bone China Miniature Iron Figurines & a ceramic t-shirt figurine ,$25.99,6,https://www.ebay.com/sch/i.html?_from=R40&_trksid=p2380057.m570.l1313&_nkw=shirt&_sacat=26
Vintage Spanish Porcelain Figurine  'Girl in night shirt':Nao by Lladro 02010235,$30.67,6,https://www.ebay.com/sch/i.html?_from=R40&_trksid=p2380057.m570.l1313&_nkw=shirt&_sacat=26
"Nao porcelain child in night shirt , with clock and pillow- hand made in Spain ",$59.95,6,https://www.ebay.com/sch/i.html?_from=R40&_trksid=p2380057.m570.l1313&_nkw=shirt&_sacat=26
Smyth and Gibson tailored fit luxury marcella white shirt size 14 1/2 -37,$19.95,6,https://www.ebay.com/sch/i.html?_from=R40&_trksid=p2380057.m570.l1313&_nkw=shirt&_sacat=25
"Rae Dunn T-shirt Size XS,S, L. Black Hot Mess Tee Women’s Short Sleeve NWT",$23.95,6,https://www.ebay.com/sch/i.html?_from=R40&_trksid=p2380057.m570.l1313&_nkw=shirt&_sacat=25
Occupied Japan sitting young children fishing yellow hat blue shirt green dress ,$64.99,6,https://www.ebay.com/sch/i.html?_from=R40&_trksid=p2380057.m570.l1313&_nkw=shirt&_sacat=25
Estate Thick SIlvertone Token w Enamel Red 1 as Half T-shirt & Black Haired Man ,$7.91,6,https://www.ebay.com/sch/i.html?_from=R40&_trksid=p2380057.m570.l1313&_nkw=shirt&_sacat=28
Hand cast bronze plated man golfer figurine putter ball round wood base shirt pa,$12.99,6,https://www.ebay.com/sch/i.html?_from=R40&_trksid=p2380057.m570.l1313&_nkw=shirt&_sacat=28
"CABBAGE PATCH KIDS Boy in Jeans, t-shirt and Blue Jacket. Looks like it has Pox",$12.99,6,https://www.ebay.com/sch/i.html?_from=R40&_trksid=p2380057.m570.l1313&_nkw=shirt&_sacat=30
vintage 1962 EDWARD MOBLEY Rubber Squeaky Buster Bear yellow shirt sleepy eyes,$14.24,6,https://www.ebay.com/sch/i.html?_from=R40&_trksid=p2380057.m570.l1313&_nkw=shirt&_sacat=30
vintage 1988 alf alien glove puppet in hawaiian  shirt,$15.29,6,https://www.ebay.com/sch/i.html?_from=R40&_trksid=p2380057.m570.l1313&_nkw=shirt&_sacat=30
NOS Vintage 1970's toy Hard Plastic Weepy Wee Wee Pull Down Shorts shirt toy,$14.99,6,https://www.ebay.com/sch/i.html?_from=R40&_trksid=p2380057.m570.l1313&_nkw=shirt&_sacat=30
Nwt Build A Bear 2008 Lucky Shamrock Bear With T-shirt Excellent!,$25.00,6,https://www.ebay.com/sch/i.html?_from=R40&_trksid=p2380057.m570.l1313&_nkw=shirt&_sacat=31
NY Yankees  hats and shirt pink build-a-bear,$75.00,6,https://www.ebay.com/sch/i.html?_from=R40&_trksid=p2380057.m570.l1313&_nkw=shirt&_sacat=31
Boyds Retired Winter Bear Eric BurrBruin brown blue overalls red shirt euc,$85.00,6,https://www.ebay.com/sch/i.html?_from=R40&_trksid=p2380057.m570.l1313&_nkw=shirt&_sacat=31
Gund “Ramon” With T-shirt Plush Bear 18” Stuffed Animal Toy,$10.00,6,https://www.ebay.com/sch/i.html?_from=R40&_trksid=p2380057.m570.l1313&_nkw=shirt&_sacat=31
"Build a Bear BAB Dinosaur Parasaurolophus Purple plush 18"" with matching shirt!",$4.99,6,https://www.ebay.com/sch/i.html?_from=R40&_trksid=p2380057.m570.l1313&_nkw=shirt&_sacat=31
BRAND NEW!  Build Bear Sanrio KEROPPI Frog shirt BAB  Hello Kitty RETIRED   2010,$8.95,6,https://www.ebay.com/sch/i.html?_from=R40&_trksid=p2380057.m570.l1313&_nkw=shirt&_sacat=31
"Build A Bear Kabu Pawlette Bunny Rabbit Long Eared 16"" Plush with shirt ",$42.99,6,https://www.ebay.com/sch/i.html?_from=R40&_trksid=p2380057.m570.l1313&_nkw=shirt&_sacat=31
Vermont Teddy Bear Company Momma's Boy Tattoo Bear with t-shirt and jeans,$25.46,6,https://www.ebay.com/sch/i.html?_from=R40&_trksid=p2380057.m570.l1313&_nkw=shirt&_sacat=31
"Build a Bear EB Bunny 16"" Plush Easter Rabbit Hop Movie w t shirt ",$11.00,6,https://www.ebay.com/sch/i.html?_from=R40&_trksid=p2380057.m570.l1313&_nkw=shirt&_sacat=31
"TIGER retired BUILD A BEAR workshop BAB zoo safari plush 11"" Roars W Tee shirt",$25.96,6,https://www.ebay.com/sch/i.html?_from=R40&_trksid=p2380057.m570.l1313&_nkw=shirt&_sacat=31
"Boyd's Bear wearing blue shirt ""Boyds Bears at the Faire"" 8""",$37.99,6,https://www.ebay.com/sch/i.html?_from=R40&_trksid=p2380057.m570.l1313&_nkw=shirt&_sacat=31
Build a Bear Sloth Plush With Hugging Hands& T shirt,$24.99,6,https://www.ebay.com/sch/i.html?_from=R40&_trksid=p2380057.m570.l1313&_nkw=shirt&_sacat=31
"Build A Bear White Bear w stay cool glitter shirt and purple shorts, Super Nice!",$9.99,6,https://www.ebay.com/sch/i.html?_from=R40&_trksid=p2380057.m570.l1313&_nkw=shirt&_sacat=31
Tammy Doll shirt blouse Figure 8 skate clothes rare vintage 1960 Pepper,$70.00,6,https://www.ebay.com/sch/i.html?_from=R40&_trksid=p2380057.m570.l1313&_nkw=shirt&_sacat=32
Cabbage Patch Kids Labeled Jeans / Windbreaker &  T-shirt 3 Piece Coleco Clothes,$22.00,6,https://www.ebay.com/sch/i.html?_from=R40&_trksid=p2380057.m570.l1313&_nkw=shirt&_sacat=32
Integrity Toys NuFace Monsieur Thiago male doll fashion purple sheer shirt FR,$3.00,6,https://www.ebay.com/sch/i.html?_from=R40&_trksid=p2380057.m570.l1313&_nkw=shirt&_sacat=32
monster high first wave draculaura shirt and boots,$6.99,6,https://www.ebay.com/sch/i.html?_from=R40&_trksid=p2380057.m570.l1313&_nkw=shirt&_sacat=32
Vintage 1985 Cabbage Patch Kids Doll shirt top clothing girls heart button,$7.99,6,https://www.ebay.com/sch/i.html?_from=R40&_trksid=p2380057.m570.l1313&_nkw=shirt&_sacat=32
1/6 Boy Doll Clothes For Ken Doll Outfits Stripe T-shirt Shorts Doll Accessories,$14.99,6,https://www.ebay.com/sch/i.html?_from=R40&_trksid=p2380057.m570.l1313&_nkw=shirt&_sacat=32
Clark Equipment black t shirt Large Made in USA,$135.00,6,https://www.ebay.com/sch/i.html?_from=R40&_trksid=p2380057.m570.l1313&_nkw=shirt&_sacat=33
New Nike Shirt Pink Gray Girls M Therma Sweatshirt A14,$125.00,6,https://www.ebay.com/sch/i.html?_from=R40&_trksid=p2380057.m570.l1313&_nkw=shirt&_sacat=33
Antique French Patterned Gray Blouse Workwear Vintage work wear Women's shirt,$127.00,6,https://www.ebay.com/sch/i.html?_from=R40&_trksid=p2380057.m570.l1313&_nkw=shirt&_sacat=33
French chemise night shirt or nightgown white linen & cotton AM monogram 1910,$97.00,6,https://www.ebay.com/sch/i.html?_from=R40&_trksid=p2380057.m570.l1313&_nkw=shirt&_sacat=33
Work shirt Antique Biaude French Indigo blue dyed linen large blouse or smock,$9.99,6,https://www.ebay.com/sch/i.html?_from=R40&_trksid=p2380057.m570.l1313&_nkw=shirt&_sacat=33
Antique Victorian French bodice shirt satin blue victorian appliqué clothing ,$29.99,6,https://www.ebay.com/sch/i.html?_from=R40&_trksid=p2380057.m570.l1313&_nkw=shirt&_sacat=33
Tito‘s handmade vodka Austin Texas promo shirt,$11.95,6,https://www.ebay.com/sch/i.html?_from=R40&_trksid=p2380057.m570.l1313&_nkw=shirt&_sacat=34
starbucks siren t shirt Size L Blue!,$0.99,6,https://www.ebay.com/sch/i.html?_from=R40&_trksid=p2380057.m570.l1313&_nkw=shirt&_sacat=34
Vintage Marshall Field’s Gift Box  (shirt),$29.00,6,https://www.ebay.com/sch/i.html?_from=R40&_trksid=p2380057.m570.l1313&_nkw=shirt&_sacat=34
"*NEW* Raising Cane's Chicken Fingers One Love shirt, red hat, plush, koozie LOOK",$3.99,6,https://www.ebay.com/sch/i.html?_from=R40&_trksid=p2380057.m570.l1313&_nkw=shirt&_sacat=34
Men's Medium T-shirt Blue Enjoy Coca Cola Brand Collectible Red Logo Vintage New,$29.99,6,https://www.ebay.com/sch/i.html?_from=R40&_trksid=p2380057.m570.l1313&_nkw=shirt&_sacat=36
Jim Beam Bourbon T-shirt In Puck Mens XL Black (Collectible Promotional) X-Large,$60.00,6,https://www.ebay.com/sch/i.html?_from=R40&_trksid=p2380057.m570.l1313&_nkw=shirt&_sacat=34
VTG 1980s Medium A&W Root beer uniform shirt polo style adult,$12.99,6,https://www.ebay.com/sch/i.html?_from=R40&_trksid=p2380057.m570.l1313&_nkw=shirt&_sacat=35
Cut-from-shirt AAON Advertising Patch (HVAC AC EQUIPMENT) 06A1,$9.95,6,https://www.ebay.com/sch/i.html?_from=R40&_trksid=p2380057.m570.l1313&_nkw=shirt&_sacat=35
Vintage Arizona Artsy Promotional Thin 50/50 T-shirt  Made In The USA Size M,$9.95,6,https://www.ebay.com/sch/i.html?_from=R40&_trksid=p2380057.m570.l1313&_nkw=shirt&_sacat=35
"Squirrel t-shirt ""HOLD THESE"" size 2XL 100% cotton short sleeved shirt",$9.95,6,https://www.ebay.com/sch/i.html?_from=R40&_trksid=p2380057.m570.l1313&_nkw=shirt&_sacat=35
vintage sizzler steakhouse advertising hat shirt patch ,$11.69,6,https://www.ebay.com/sch/i.html?_from=R40&_trksid=p2380057.m570.l1313&_nkw=shirt&_sacat=35
Piedmont Aviation T-shirt Size Large New,$15.00,6,https://www.ebay.com/sch/i.html?_from=R40&_trksid=p2380057.m570.l1313&_nkw=shirt&_sacat=35
UBER GEEK ART! U.S. Robotics retro tee shirt in frame- INFINITELY RARE!,$13.49,6,https://www.ebay.com/sch/i.html?_from=R40&_trksid=p2380057.m570.l1313&_nkw=shirt&_sacat=35
Wheaties Breakfast Of Champions T-shirt 2013,$8.96,6,https://www.ebay.com/sch/i.html?_from=R40&_trksid=p2380057.m570.l1313&_nkw=shirt&_sacat=35
Diet Coke Shirt Stay Sober T-shirt Say No To Drugs T Shirt Stay Clean tshirt ,$12.00,6,https://www.ebay.com/sch/i.html?_from=R40&_trksid=p2380057.m570.l1313&_nkw=shirt&_sacat=36
Official Licensed Rare Coca Cola Red and White Checkered Race T-shirt Sz M,$29.99,6,https://www.ebay.com/sch/i.html?_from=R40&_trksid=p2380057.m570.l1313&_nkw=shirt&_sacat=38
Coca-Cola 1987 promo half t-shirt M   Coke  pre-owned,$24.99,6,https://www.ebay.com/sch/i.html?_from=R40&_trksid=p2380057.m570.l1313&_nkw=shirt&_sacat=36
Coca-Cola Red T-shirt Tee Size 2XL 2X-Large Coke It's the Real Thing 100% Cotton,$29.95,6,https://www.ebay.com/sch/i.html?_from=R40&_trksid=p2380057.m570.l1313&_nkw=shirt&_sacat=36
coca cola t shirt vintage,$125.00,6,https://www.ebay.com/sch/i.html?_from=R40&_trksid=p2380057.m570.l1313&_nkw=shirt&_sacat=36
"Pepsi Virgin Wool Vintage Uniform With Hat, Tie,Dress shirt, Jacket Pants 1977",$29.00,6,https://www.ebay.com/sch/i.html?_from=R40&_trksid=p2380057.m570.l1313&_nkw=shirt&_sacat=36
Vintage 1983 Skydiving Championship /Coke is it!  T-shirt USA,$67.46,6,https://www.ebay.com/sch/i.html?_from=R40&_trksid=p2380057.m570.l1313&_nkw=shirt&_sacat=36
Coca-Cola Black Tee T-shirt Size 3XL     Taste of Summer  100% Cotton,$18.98 to $19.98,6,https://www.ebay.com/sch/i.html?_from=R40&_trksid=p2380057.m570.l1313&_nkw=shirt&_sacat=36
coke coca cola classic shirt can nfl monsters of the gridiron soda can,$32.50,6,https://www.ebay.com/sch/i.html?_from=R40&_trksid=p2380057.m570.l1313&_nkw=shirt&_sacat=36
Sprite  Green Tee T-shirt Size XL  ,$24.94,6,https://www.ebay.com/sch/i.html?_from=R40&_trksid=p2380057.m570.l1313&_nkw=shirt&_sacat=38
Grape Fanta Cropped Tee T-shirt Purple Size XL X-Large BRAND NEW,$6.99,6,https://www.ebay.com/sch/i.html?_from=R40&_trksid=p2380057.m570.l1313&_nkw=shirt&_sacat=38
Coca-Cola  Red Long Sleeve Tee T-shirt w/ Faded Coca-Cola Logo  3XL,$14.99,6,https://www.ebay.com/sch/i.html?_from=R40&_trksid=p2380057.m570.l1313&_nkw=shirt&_sacat=38
Coca-Cola  Black T-shirt Tee with White Logo 3X,$13.50,6,https://www.ebay.com/sch/i.html?_from=R40&_trksid=p2380057.m570.l1313&_nkw=shirt&_sacat=38
Coca-Cola Black T-shirt Tee Size Small Taste of Summer  100% Cotton,$10.80,6,https://www.ebay.com/sch/i.html?_from=R40&_trksid=p2380057.m570.l1313&_nkw=shirt&_sacat=36
green SPRITE t-shirt - ENJOY - GREAT LYMON TASTE - soda pop - NEW NWT - (L),$18.00,6,https://www.ebay.com/sch/i.html?_from=R40&_trksid=p2380057.m570.l1313&_nkw=shirt&_sacat=37
Pepsi Dri-fit Blue & Gray XL polo shirt,$32.50,6,https://www.ebay.com/sch/i.html?_from=R40&_trksid=p2380057.m570.l1313&_nkw=shirt&_sacat=37
Pepsi Blue XL polo shirt,$21.74,6,https://www.ebay.com/sch/i.html?_from=R40&_trksid=p2380057.m570.l1313&_nkw=shirt&_sacat=37
Cheerwine Soft Drink Dri-fit Gray XL polo shirt,$32.50,6,https://www.ebay.com/sch/i.html?_from=R40&_trksid=p2380057.m570.l1313&_nkw=shirt&_sacat=37
Cheerwine Soft Drink Soda East Rowan YMCA NC Indoor Soccer Vtg XL T-shirt EUC,$32.50,6,https://www.ebay.com/sch/i.html?_from=R40&_trksid=p2380057.m570.l1313&_nkw=shirt&_sacat=37
Cheerwine Soft Drink Soda pop advertising promo Vtg Mens XL Red T-shirt used,$20.99,6,https://www.ebay.com/sch/i.html?_from=R40&_trksid=p2380057.m570.l1313&_nkw=shirt&_sacat=37
Nike Tru Ade light blue pepsi XL polo shirt,$33.96,6,https://www.ebay.com/sch/i.html?_from=R40&_trksid=p2380057.m570.l1313&_nkw=shirt&_sacat=37
Coca-Cola Gray and Red Long  Sleeve  Zipper Sports Tee T-shirt    Large,$30.00,6,https://www.ebay.com/sch/i.html?_from=R40&_trksid=p2380057.m570.l1313&_nkw=shirt&_sacat=38
NOS Tee T-shirt Black 100% Cotton-- BRAND NEW,$10.75,6,https://www.ebay.com/sch/i.html?_from=R40&_trksid=p2380057.m570.l1313&_nkw=shirt&_sacat=38
Coca-Cola  Red Long Sleeve Tee T-shirt  Coca-Cola  Ice Cold   Large,$9.50,6,https://www.ebay.com/sch/i.html?_from=R40&_trksid=p2380057.m570.l1313&_nkw=shirt&_sacat=38
Coca-Cola Youth XS X-Small Red Long Sleeve 100% Cotton Tee T-shirt Child ,$17.99,6,https://www.ebay.com/sch/i.html?_from=R40&_trksid=p2380057.m570.l1313&_nkw=shirt&_sacat=38
Coca-Cola Gray Split V-neck Raglan tee T-shirt Size 2X,$14.72,6,https://www.ebay.com/sch/i.html?_from=R40&_trksid=p2380057.m570.l1313&_nkw=shirt&_sacat=38
Coca-Cola Vintage Sport  Tee T-shirt Red- BRAND NEW,$11.00,6,https://www.ebay.com/sch/i.html?_from=R40&_trksid=p2380057.m570.l1313&_nkw=shirt&_sacat=38
Fanta Splash Purple Heather Tee T-shirt 4X-Large 4XL  - BRAND NEW,$13.50,6,https://www.ebay.com/sch/i.html?_from=R40&_trksid=p2380057.m570.l1313&_nkw=shirt&_sacat=38
Coca-Cola Thirst Quenching Tee T-shirt Green 2X-Large 2XL - BRAND NEW,$15.00,6,https://www.ebay.com/sch/i.html?_from=R40&_trksid=p2380057.m570.l1313&_nkw=shirt&_sacat=38
Coca-Cola Heather Gray and Red Sport Fabric Tee T-shirt 3XL ,$39.75,6,https://www.ebay.com/sch/i.html?_from=R40&_trksid=p2380057.m570.l1313&_nkw=shirt&_sacat=38
Coca-Cola  Black T-shirt Tee with White Logo X-Large ,$26.95,6,https://www.ebay.com/sch/i.html?_from=R40&_trksid=p2380057.m570.l1313&_nkw=shirt&_sacat=38
Cherry Coke Tee T-shirt White Size Medium Coca-Cola Fitted - BRAND NEW,$15.50,6,https://www.ebay.com/sch/i.html?_from=R40&_trksid=p2380057.m570.l1313&_nkw=shirt&_sacat=38
Orange Fanta Cropped Tee T-shirt Size Medium BRAND NEW,$14.75,6,https://www.ebay.com/sch/i.html?_from=R40&_trksid=p2380057.m570.l1313&_nkw=shirt&_sacat=38
Fanta Splash Purple Heather Tee T-shirt Large  - BRAND NEW,$15.00,6,https://www.ebay.com/sch/i.html?_from=R40&_trksid=p2380057.m570.l1313&_nkw=shirt&_sacat=38
Dr. Pepper side logo T-shirt Tee Large burgundy heather distressed- BRAND NEW,$18.50,6,https://www.ebay.com/sch/i.html?_from=R40&_trksid=p2380057.m570.l1313&_nkw=shirt&_sacat=38
Coca-Cola Military Green Coke Flag Tee T-shirt Red White Blue  3XL,$4.50,6,https://www.ebay.com/sch/i.html?_from=R40&_trksid=p2380057.m570.l1313&_nkw=shirt&_sacat=38
Coca-Cola Black Long Sleeve Tee T-shirt White Letters Coke 3X-Large  ,$7.50,6,https://www.ebay.com/sch/i.html?_from=R40&_trksid=p2380057.m570.l1313&_nkw=shirt&_sacat=38
Coca-Cola Black Tee T-shirt    Size Large,$12.50,6,https://www.ebay.com/sch/i.html?_from=R40&_trksid=p2380057.m570.l1313&_nkw=shirt&_sacat=38
Dr. Pepper Tee T-shirt Grey Large King of Beverages,$39.99,6,https://www.ebay.com/sch/i.html?_from=R40&_trksid=p2380057.m570.l1313&_nkw=shirt&_sacat=38
Diet Coke Tee T-shirt Gray 95% Cotton Small  - BRAND NEW,$17.08,6,https://www.ebay.com/sch/i.html?_from=R40&_trksid=p2380057.m570.l1313&_nkw=shirt&_sacat=38
Coca-Cola  Red Long Sleeve Tee T-shirt w/ Faded Coca-Cola Logo X-Large XL,$12.50,6,https://www.ebay.com/sch/i.html?_from=R40&_trksid=p2380057.m570.l1313&_nkw=shirt&_sacat=38
Coca-Cola Black Long Sleeve Tee T-shirt White Letters Coke Medium - BRAND NEW,$12.50,6,https://www.ebay.com/sch/i.html?_from=R40&_trksid=p2380057.m570.l1313&_nkw=shirt&_sacat=38
"Coca Cola Red Logo White T-shirt, Fruit of the Loom Double stitch Hem Sz. Men XL",$49.99,6,https://www.ebay.com/sch/i.html?_from=R40&_trksid=p2380057.m570.l1313&_nkw=shirt&_sacat=38
Coca-Cola Heather Gray and Red Sport Fabric Tee T-shirt X-Large XL  - BRAND NEW,$16.50,6,https://www.ebay.com/sch/i.html?_from=R40&_trksid=p2380057.m570.l1313&_nkw=shirt&_sacat=38
Coca-Cola Baseball Tee T-shirt   Grayish with two sides   Size Large,$17.50,6,https://www.ebay.com/sch/i.html?_from=R40&_trksid=p2380057.m570.l1313&_nkw=shirt&_sacat=38
"Coca-Cola ""Taste the Feeling"" Tee T-shirt 3X-Large 3XL XXXL -Free Shipping",$15.99,6,https://www.ebay.com/sch/i.html?_from=R40&_trksid=p2380057.m570.l1313&_nkw=shirt&_sacat=38
vintage Rely on the Tiger made in USA XL tshirt Exxon Oil Gas SingleStitch hanes,$29.95,6,https://www.ebay.com/sch/i.html?_from=R40&_trksid=p2380057.m570.l1313&_nkw=shirt&_sacat=39
hoodless series cabover big strappers peterbilt pride n ride t-shirt truck semi,$85.00,6,https://www.ebay.com/sch/i.html?_from=R40&_trksid=p2380057.m570.l1313&_nkw=shirt&_sacat=39
high miles trucks big strappers peterbilt freightliner t-shirt mens short sleeve,$42.50,6,https://www.ebay.com/sch/i.html?_from=R40&_trksid=p2380057.m570.l1313&_nkw=shirt&_sacat=39
miller time big strappers peterbilt bullhauler mens t-shirt truck semi apparel,$24.95 to $26.95,6,https://www.ebay.com/sch/i.html?_from=R40&_trksid=p2380057.m570.l1313&_nkw=shirt&_sacat=39
S Lumber Company Uniform Logo Patch  shirt hat Republic Handy Andy home center,$24.95,6,https://www.ebay.com/sch/i.html?_from=R40&_trksid=p2380057.m570.l1313&_nkw=shirt&_sacat=39
S Lumber Company Uniform Logo Patch for shirt or hat  Chase,$55.00,6,https://www.ebay.com/sch/i.html?_from=R40&_trksid=p2380057.m570.l1313&_nkw=shirt&_sacat=39
big strappers long haul series peterbilt pride n first class t-shirt black & red,$19.95,6,https://www.ebay.com/sch/i.html?_from=R40&_trksid=p2380057.m570.l1313&_nkw=shirt&_sacat=39
S Lumber Company Uniform Logo Patch for shirt or hat Parsons Pine Products,$24.95,6,https://www.ebay.com/sch/i.html?_from=R40&_trksid=p2380057.m570.l1313&_nkw=shirt&_sacat=39
S Lumber Company Uniform Patch shirt hat jacket P.J. McNeilly & sons Pallets,$24.95 to $26.95,6,https://www.ebay.com/sch/i.html?_from=R40&_trksid=p2380057.m570.l1313&_nkw=shirt&_sacat=39
NWT Big Strappers Mens Size Medium T-shirt Truck Semi Apparel Black Gold,$19.95,6,https://www.ebay.com/sch/i.html?_from=R40&_trksid=p2380057.m570.l1313&_nkw=shirt&_sacat=39
JLG Factory Certified Technician jacket shirt hat patch sew on or adhesive,$24.95 to $26.95,6,https://www.ebay.com/sch/i.html?_from=R40&_trksid=p2380057.m570.l1313&_nkw=shirt&_sacat=39
JLG Factory Certified Technician Gradall jacket shirt hat patch NEW jsuey123,$24.95 to $26.95,6,https://www.ebay.com/sch/i.html?_from=R40&_trksid=p2380057.m570.l1313&_nkw=shirt&_sacat=39
Koch Gateway Pipeline Company Summer Fun Of 1994  T-shirt Houston Texas large,$24.95,6,https://www.ebay.com/sch/i.html?_from=R40&_trksid=p2380057.m570.l1313&_nkw=shirt&_sacat=39
Pure Firebird Gasoline Service Station / Vintage White L/S Sweatshirt / Size XL,$70.66,6,https://www.ebay.com/sch/i.html?_from=R40&_trksid=p2380057.m570.l1313&_nkw=shirt&_sacat=40
vintage SOHIO gasoline oil uniform shirt patch USED ,$19.00,6,https://www.ebay.com/sch/i.html?_from=R40&_trksid=p2380057.m570.l1313&_nkw=shirt&_sacat=40
S Birmingham Alabama Hamond tank Patch hamondtank B'ham uniform hat shirt,$7.99,6,https://www.ebay.com/sch/i.html?_from=R40&_trksid=p2380057.m570.l1313&_nkw=shirt&_sacat=40
Texaco uniform shirt,$14.95,6,https://www.ebay.com/sch/i.html?_from=R40&_trksid=p2380057.m570.l1313&_nkw=shirt&_sacat=42
"Texaco Aviation 5"" White Plush Bear w/ black shirt & red bowtie,1990's, Oil",$7.99,6,https://www.ebay.com/sch/i.html?_from=R40&_trksid=p2380057.m570.l1313&_nkw=shirt&_sacat=42
Texaco VTG Tshirt Sylva NC 80s 90s Route 66 Mens Sz S Tellow Oil RARE,$49.95,6,https://www.ebay.com/sch/i.html?_from=R40&_trksid=p2380057.m570.l1313&_nkw=shirt&_sacat=42
Vintage Winston Cigarettes T-shirt Size Small White Pocket Tee,$14.99,6,https://www.ebay.com/sch/i.html?_from=R40&_trksid=p2380057.m570.l1313&_nkw=shirt&_sacat=45
Vintage Salem Cigarettes Advertising Game & Backing 1988 Tobacco T-shirt Offer ,$57.99,6,https://www.ebay.com/sch/i.html?_from=R40&_trksid=p2380057.m570.l1313&_nkw=shirt&_sacat=45
1988 KOOL Milds Cigarettes man wearing red Hawaiian shirt Vintage Print Ad,$9.99,6,https://www.ebay.com/sch/i.html?_from=R40&_trksid=p2380057.m570.l1313&_nkw=shirt&_sacat=45
kool Tie dye green shirt,$66.00,6,https://www.ebay.com/sch/i.html?_from=R40&_trksid=p2380057.m570.l1313&_nkw=shirt&_sacat=45
"Authentic Drew Pearson 75th Anniversary Camel T-shirt 1988 Lg.size,still in pkg.",$11.99,6,https://www.ebay.com/sch/i.html?_from=R40&_trksid=p2380057.m570.l1313&_nkw=shirt&_sacat=45
Vintage 1998 New Xl Camel T-shirt Cigarette Ad Id Walk A Mile RJRTC Single Stitc,$9.95,6,https://www.ebay.com/sch/i.html?_from=R40&_trksid=p2380057.m570.l1313&_nkw=shirt&_sacat=45
1987 KOOL Milds Cigarettes man wearing pink shirt Vintage Print Ad,$74.99,6,https://www.ebay.com/sch/i.html?_from=R40&_trksid=p2380057.m570.l1313&_nkw=shirt&_sacat=45
*RARE* Camel 75th anniversary T shirt,$9.99,6,https://www.ebay.com/sch/i.html?_from=R40&_trksid=p2380057.m570.l1313&_nkw=shirt&_sacat=45
Vintage print ad Tobacco Cigarettes VIRGINIA SLIMS Rugby shirt shorts sox 1982,$4.75,6,https://www.ebay.com/sch/i.html?_from=R40&_trksid=p2380057.m570.l1313&_nkw=shirt&_sacat=45
vintage Salem fresh gear teal polo shirt extra-large,$9.95,6,https://www.ebay.com/sch/i.html?_from=R40&_trksid=p2380057.m570.l1313&_nkw=shirt&_sacat=45
Vintage print ad Tobacco Cigarettes MARLBORO Lights Cowboy horse white shirt 88,$24.99,6,https://www.ebay.com/sch/i.html?_from=R40&_trksid=p2380057.m570.l1313&_nkw=shirt&_sacat=45
1975 Tobacco AD VIRGINIA SLIMS Cigarettes Lovely model in cool tee shirt 041516,$21.95,6,https://www.ebay.com/sch/i.html?_from=R40&_trksid=p2380057.m570.l1313&_nkw=shirt&_sacat=45
Authntic 75th Anniversary Camel T-shirt 1988 XL,$17.99,6,https://www.ebay.com/sch/i.html?_from=R40&_trksid=p2380057.m570.l1313&_nkw=shirt&_sacat=45
1951 Vintage for Big Yank Clothing`retro art shirts pants   081420,$11.69,6,https://www.ebay.com/sch/i.html?_from=R40&_trksid=p2380057.m570.l1313&_nkw=shirt&_sacat=45
Vintage ad for Karo Syrup`Art Little Boy striped shirt pancakes  (112717),$30.00,6,https://www.ebay.com/sch/i.html?_from=R40&_trksid=p2380057.m570.l1313&_nkw=shirt&_sacat=45
Robert Redford smiling 1970's publicity portrait in black t-shirt poster,$20.00,6,https://www.ebay.com/sch/i.html?_from=R40&_trksid=p2380057.m570.l1313&_nkw=shirt&_sacat=48
May Britt beautiful Swedish actress wears red polka dot shirt 1950's era poster,$16.99,6,https://www.ebay.com/sch/i.html?_from=R40&_trksid=p2380057.m570.l1313&_nkw=shirt&_sacat=48
Olivia Newton-John wearing Physical t-shirt concert 11x17 Mini Poster,$2.49,6,https://www.ebay.com/sch/i.html?_from=R40&_trksid=p2380057.m570.l1313&_nkw=shirt&_sacat=48
Jodie Foster young pose in sleevless white t-shirt & jeans 8x10 inch photo,$0.99,6,https://www.ebay.com/sch/i.html?_from=R40&_trksid=p2380057.m570.l1313&_nkw=shirt&_sacat=48
Leslie Easterbrook in wet t-shirt Police Academy 8x10 PHOTO #370,$5.50,6,https://www.ebay.com/sch/i.html?_from=R40&_trksid=p2380057.m570.l1313&_nkw=shirt&_sacat=48
Edwige Fenech in open shirt pointing large rifle 24x36 inch Poster,$4.00,6,https://www.ebay.com/sch/i.html?_from=R40&_trksid=p2380057.m570.l1313&_nkw=shirt&_sacat=48
Amanda Seyfried 24x36 Poster Pink T-shirt Smiling Cute,$0.99,6,https://www.ebay.com/sch/i.html?_from=R40&_trksid=p2380057.m570.l1313&_nkw=shirt&_sacat=48
Zita Johann in a dark shirt VINTAGE Photo,$19.95 to $22.95,6,https://www.ebay.com/sch/i.html?_from=R40&_trksid=p2380057.m570.l1313&_nkw=shirt&_sacat=48
Alyssa Milano in revealing open shirt signs autograph for marine candid 8x10 ,$3.99,6,https://www.ebay.com/sch/i.html?_from=R40&_trksid=p2380057.m570.l1313&_nkw=shirt&_sacat=48
1939 Press Photo Announcer tears shirt of gentleman at game show - kfa09793,$8.99,6,https://www.ebay.com/sch/i.html?_from=R40&_trksid=p2380057.m570.l1313&_nkw=shirt&_sacat=48
Glynis Barber wears Makepeace Not War t-shirt Dempsey & Makepeace 8x10 photo,$11.89,6,https://www.ebay.com/sch/i.html?_from=R40&_trksid=p2380057.m570.l1313&_nkw=shirt&_sacat=48
Tall Fit Male Frat Jock Briefs T-shirt Cute Physique Beefcake PHOTO 4X6 B2277,$0.99,6,https://www.ebay.com/sch/i.html?_from=R40&_trksid=p2380057.m570.l1313&_nkw=shirt&_sacat=48
Dr No vintage 8x10 photo Sean Connery in white shirt holding phone,$4.39,6,https://www.ebay.com/sch/i.html?_from=R40&_trksid=p2380057.m570.l1313&_nkw=shirt&_sacat=48
Lynda Carter 1970's smiling portrait in blue t-shirt 11x17 poster,$19.99,6,https://www.ebay.com/sch/i.html?_from=R40&_trksid=p2380057.m570.l1313&_nkw=shirt&_sacat=48
Linda Hamilton holding nightstick in white t-shirt Terminator 2 8x10 photo,$29.99,6,https://www.ebay.com/sch/i.html?_from=R40&_trksid=p2380057.m570.l1313&_nkw=shirt&_sacat=48
Robert Mitchum in moody 1950's studio portrait in casual shirt 11x17 poster,$19.99,6,https://www.ebay.com/sch/i.html?_from=R40&_trksid=p2380057.m570.l1313&_nkw=shirt&_sacat=48
